{
  "totalChecks": 1070,
  "successfulChecks": 676,
  "failedChecks": 394,
  "averageResponseTime": 4.422017507433931,
  "uptime": 63.177570093457945,
  "startTime": 1761311319621,
  "lastCheck": 1761395186867
}