{
  "totalChecks": 890,
  "successfulChecks": 496,
  "failedChecks": 394,
  "averageResponseTime": 4.60427107747088,
  "uptime": 55.73033707865168,
  "startTime": 1761311319621,
  "lastCheck": 1761384354643
}