{
  "totalChecks": 880,
  "successfulChecks": 486,
  "failedChecks": 394,
  "averageResponseTime": 4.615761590864896,
  "uptime": 55.22727272727273,
  "startTime": 1761311319621,
  "lastCheck": 1761383750493
}