{
  "totalChecks": 820,
  "successfulChecks": 426,
  "failedChecks": 394,
  "averageResponseTime": 4.631861837759666,
  "uptime": 51.951219512195124,
  "startTime": 1761311319621,
  "lastCheck": 1761380121920
}