{
  "totalChecks": 770,
  "successfulChecks": 376,
  "failedChecks": 394,
  "averageResponseTime": 4.600255137640211,
  "uptime": 48.83116883116883,
  "startTime": 1761311319621,
  "lastCheck": 1761377056001
}